Stacy,%img/silhouette2.png%img/hair11.png%img/expression10.png%img/nose2.png%img/tshirt7.png,25,0,0,0,user5,testing
Stacy,%img/silhouette.png%img/hair1.png%img/happy.png%img/nose1.png%img/tshirt1.png,25,0,0,1,TestSE2,testClass
Stacy,%img/silhouette5.png%img/hair10.png%img/expression11.png%img/nose4.png%img/tshirt2.png,36,2,0,0,BUGTESTY,Pilot-Class
Cammie,%img/silhouette2.png%img/hair7.png%img/expression6.png%img/nose5.png%img/tshirt6.png,15,2,3,0,user2,testing
Quite Clever,%img/silhouette3.png%img/hair3.png%img/expression2.png%img/nose4.png%img/tshirt3.png,56,37,6,2,smart,testing
Stacy,%img/silhouette.png%img/hair1.png%img/happy.png%img/nose1.png%img/tshirt1.png,25,0,0,0,test7,testing
Stacy,%img/silhouette.png%img/hair1.png%img/happy.png%img/nose1.png%img/tshirt1.png,31,1,1,0,anonymous,testing
Not So Smart,%img/silhouette2.png%img/hair20.png%img/expression7.png%img/nose3.png%img/tshirt4.png,3,7,49,0,stupid,testing
ROHAN,%img/silhouette4.png%img/hair1.png%img/expression3.png%img/nose6.png%img/tshirt7.png,25,0,0,0,ROHANTEST,null
Frank,%img/silhouette5.png%img/hair12.png%img/expression2.png%img/nose4.png%img/tshirt2.png,22,23,23,0,test4,testClass
Lucy,%img/silhouette4.png%img/hair3.png%img/expression6.png%img/nose4.png%img/tshirt6.png,29,21,68,3,test3,testClass
Sally,%img/silhouette2.png%img/hair5.png%img/expression.png%img/nose1.png%img/tshirt1.png,54,38,24,3,test2,testClass
Stacy,%img/silhouette.png%img/hair1.png%img/happy.png%img/nose1.png%img/tshirt1.png,11,4,11,0,test1,testClass
Stacy,%img/silhouette.png%img/hair1.png%img/happy.png%img/nose1.png%img/tshirt1.png,23,0,1,1,ROHANMACHOME,Pilot-Class
Stacy,%img/silhouette5.png%img/hair20.png%img/expression13.png%img/nose5.png%img/tshirt5.png,1,0,3,0,null,testing
Stacy,%img/silhouette.png%img/hair1.png%img/happy.png%img/nose1.png%img/tshirt1.png,25,0,0,0,win454,testing
Stacy,%img/silhouette.png%img/hair1.png%img/happy.png%img/nose1.png%img/tshirt1.png,25,0,0,0,RROHAN,Pilot-Class
Stacy,%img/silhouette.png%img/hair1.png%img/happy.png%img/nose1.png%img/tshirt1.png,25,0,0,0,1234,testing
Rohan,%img/silhouette6.png%img/hair9.png%img/expression2.png%img/nose2.png%img/tshirt8.png,19,1,2,0,Home,testing
Dazed and Confused,%img/silhouette2.png%img/hair2.png%img/think.png%img/nose3.png%img/tshirt1.png,25,0,0,0,NeilPeart,testing
Stacy,%img/silhouette.png%img/hair1.png%img/happy.png%img/nose1.png%img/tshirt1.png,25,0,0,0,usr1011,testing
Rohan,%img/silhouette3.png%img/hair14.png%img/happy.png%img/nose6.png%img/tshirt4.png,7,0,3,0,800,testing
TGMMO,%img/silhouette4.png%img/hair12.png%img/expression6.png%img/nose2.png%img/tshirt1.png,40,3,1,0,SSGS010,testing
Stacy,%img/silhouette.png%img/hair1.png%img/happy.png%img/nose1.png%img/tshirt1.png,25,0,0,0,BUGTEST,Pilot-Class
drift,%img/silhouette5.png%img/hair11.png%img/expression10.png%img/nose2.png%img/tshirt7.png,35,5,2,0,ssgs014,Pilot-Class
jimmy,%img/silhouette2.png%img/hair10.png%img/expression10.png%img/nose1.png%img/tshirt3.png,1,0,4,0,ssgs012,Pilot-Class
ROHAN,%img/silhouette2.png%img/hair15.png%img/expression7.png%img/nose8.png%img/tshirt4.png,14,0,1,0,testbeta,testing
zoe,%img/silhouette.png%img/hair7.png%img/expression7.png%img/nose2.png%img/tshirt6.png,10,1,5,0,SSGSPRE013,Pilot-Class
Rohan,%img/silhouette6.png%img/hair14.png%img/happy.png%img/nose6.png%img/tshirt2.png,25,0,0,0,mac1031,testing
Maura,%img/silhouette4.png%img/hair19.png%img/expression8.png%img/nose2.png%img/tshirt6.png,22,1,1,0,SSGSPRE011,testing
JIMMY,%img/silhouette4.png%img/hair10.png%img/expression13.png%img/nose1.png%img/tshirt7.png,25,0,0,0,BUG2,testing
Stacy,%img/silhouette.png%img/hair1.png%img/happy.png%img/nose1.png%img/tshirt1.png,25,0,0,0,testly,testClass
Stacy,%img/silhouette.png%img/hair1.png%img/happy.png%img/nose1.png%img/tshirt1.png,25,0,0,0,BUG1,testing
Stacy,%img/silhouette.png%img/hair1.png%img/happy.png%img/nose1.png%img/tshirt1.png,25,0,0,0,usr1008,testing
Stacy,%img/silhouette4.png%img/hair3.png%img/expression5.png%img/nose2.png%img/tshirt7.png,25,0,0,0,usr1102,testing
Stacy,%img/silhouette2.png%img/hair3.png%img/expression5.png%img/nose1.png%img/tshirt2.png,19,0,1,0,400,testing
Stacy,%img/silhouette.png%img/hair1.png%img/happy.png%img/nose1.png%img/tshirt1.png,25,0,0,0,user2',testing
Stacy,%img/silhouette3.png%img/hair19.png%img/expression13.png%img/nose5.png%img/tshirt6.png,9,1,7,0,SSGS006,testing
Stacy,%img/silhouette.png%img/hair3.png%img/expression8.png%img/nose4.png%img/tshirt3.png,25,0,0,0,SSGS004,testing
Anna,%img/silhouette6.png%img/hair3.png%img/expression8.png%img/nose4.png%img/tshirt6.png,20,1,2,0,SSGS003,testing
Donny ,%img/silhouette2.png%img/hair9.png%img/think.png%img/nose6.png%img/tshirt2.png,1,0,3,0,ssgs009,testing
Stacy,%img/silhouette.png%img/hair1.png%img/happy.png%img/nose1.png%img/tshirt1.png,25,0,0,0,1028,testing
Stacy,%img/silhouette.png%img/hair1.png%img/happy.png%img/nose1.png%img/tshirt1.png,13,0,2,0,SSGS002,testing
Bob,%img/silhouette.png%img/hair14.png%img/expression3.png%img/nose1.png%img/tshirt3.png,19,0,1,0,SSGS001,testing
Ashley,%img/silhouette4.png%img/hair5.png%img/expression.png%img/nose1.png%img/tshirt6.png,23,1,1,0,ssgs007,testing
macuser,%img/silhouette5.png%img/hair19.png%img/expression.png%img/nose2.png%img/tshirt7.png,13,0,2,0,mac1122,testing
Stacy,%img/silhouette.png%img/hair1.png%img/happy.png%img/nose1.png%img/tshirt1.png,25,0,0,0,1026,testing
Stacy,%img/silhouette.png%img/hair1.png%img/happy.png%img/nose1.png%img/tshirt1.png,25,0,0,0,mac123,testing
ROHAN,%img/silhouette5.png%img/hair9.png%img/expression.png%img/nose1.png%img/tshirt6.png,25,0,0,0,ROHAN,testing
Kate,%img/silhouette5.png%img/hair17.png%img/expression6.png%img/nose5.png%img/tshirt5.png,1,1,7,0,video,Pilot-Class
Brad,%img/silhouette.png%img/hair13.png%img/expression5.png%img/nose2.png%img/tshirt8.png,25,0,0,0,GSTest2,GameShow Pilot
Jim,%img/silhouette2.png%img/hair9.png%img/expression5.png%img/nose2.png%img/tshirt1.png,19,6,6,0,Bob,testing
Stacy,%img/silhouette.png%img/hair1.png%img/happy.png%img/nose1.png%img/tshirt1.png,25,0,0,0,user301,testing
Kristy,%img/silhouette2.png%img/hair7.png%img/expression6.png%img/nose6.png%img/tshirt5.png,31,1,0,0,654,testing
Stacy,%img/silhouette.png%img/hair1.png%img/happy.png%img/nose1.png%img/tshirt1.png,25,0,0,0,user1045,testing
Stacy,%img/silhouette.png%img/hair1.png%img/happy.png%img/nose1.png%img/tshirt1.png,16,0,1,0,test220,testing
Stacy,%img/silhouette.png%img/hair1.png%img/happy.png%img/nose1.png%img/tshirt1.png,25,0,0,0,hello352,testing
Stacy,%img/silhouette.png%img/hair1.png%img/happy.png%img/nose1.png%img/tshirt1.png,25,0,0,0,mac411,testing
Stacy,%img/silhouette.png%img/hair1.png%img/happy.png%img/nose1.png%img/tshirt1.png,25,0,0,0,mac1,testing
Rohan,%img/silhouette4.png%img/hair14.png%img/expression2.png%img/nose2.png%img/tshirt6.png,25,0,0,0,user1040,testing
Dan,%img/silhouette.png%img/hair10.png%img/expression13.png%img/nose7.png%img/tshirt3.png,25,0,0,0,ROHANHOME,testing
Stacy,%img/silhouette.png%img/hair1.png%img/happy.png%img/nose1.png%img/tshirt1.png,25,0,0,0,1119,testing
Stacy,%img/silhouette.png%img/hair1.png%img/happy.png%img/nose1.png%img/tshirt1.png,17,0,2,0,anon,testing
Stacy,%img/silhouette.png%img/hair1.png%img/happy.png%img/nose1.png%img/tshirt1.png,18,0,1,0,Dummy,testing
Stacy,%img/silhouette.png%img/hair1.png%img/happy.png%img/nose1.png%img/tshirt1.png,25,0,0,0,UCIMU,Unassigned
Stacy,%img/silhouette.png%img/hair1.png%img/happy.png%img/nose1.png%img/tshirt1.png,25,0,0,0,hs,testing
Rohan,%img/silhouette.png%img/hair12.png%img/expression8.png%img/nose2.png%img/tshirt1.png,25,0,0,1,usr50,testing
Rohan,%img/silhouette4.png%img/hair16.png%img/expression7.png%img/nose6.png%img/tshirt7.png,18,0,1,0,HOME,testing
Stacy,%img/silhouette.png%img/hair1.png%img/happy.png%img/nose1.png%img/tshirt1.png,25,0,0,0,usr423,testing
Stacy,%img/silhouette.png%img/hair1.png%img/happy.png%img/nose1.png%img/tshirt1.png,25,0,0,0,hi,testClass
Stacy,%img/silhouette.png%img/hair1.png%img/happy.png%img/nose1.png%img/tshirt1.png,20,9,8,1,TestSE,testing
rohan,%img/silhouette4.png%img/hair14.png%img/expression4.png%img/nose3.png%img/tshirt1.png,16,0,1,0,testpcnm,testing
George,%img/silhouette2.png%img/hair14.png%img/think.png%img/nose1.png%img/tshirt3.png,54,73,25,17,test,testClass
Stacy,%img/silhouette.png%img/hair8.png%img/expression9.png%img/nose5.png%img/tshirt2.png,25,0,0,0,mactest,testing
Jason,%img/silhouette3.png%img/hair9.png%img/expression6.png%img/nose7.png%img/tshirt1.png,20,1,2,0,Evelyn,testing
Stacy,%img/silhouette.png%img/hair1.png%img/happy.png%img/nose1.png%img/tshirt1.png,25,0,0,0,testbutton,testing
Carl,%img/silhouette3.png%img/hair10.png%img/think.png%img/nose7.png%img/tshirt5.png,16,31,29,2,testuser,testing
Stacy,%img/silhouette.png%img/hair1.png%img/happy.png%img/nose1.png%img/tshirt1.png,25,0,0,0,TESTBETA,null
Stacy,%img/silhouette.png%img/hair1.png%img/happy.png%img/nose1.png%img/tshirt1.png,25,0,0,0,417NOW,Pilot-Class
Stacy,%img/silhouette2.png%img/hair18.png%img/expression4.png%img/nose6.png%img/tshirt1.png,11,2,4,0,layout,testing
Stacy,%img/silhouette2.png%img/hair7.png%img/expression13.png%img/nose2.png%img/tshirt2.png,25,0,0,0,usr7,testing
Stacy,%img/silhouette.png%img/hair1.png%img/happy.png%img/nose1.png%img/tshirt1.png,25,0,0,0,418NOW,Pilot-Class
Stacy,%img/silhouette3.png%img/hair18.png%img/expression9.png%img/nose1.png%img/tshirt6.png,25,0,0,0,mac1202,testing
Super Smart,%img/silhouette3.png%img/hair9.png%img/happy.png%img/nose1.png%img/tshirt1.png,25,0,0,0,boss,testClass
